number_of_poses_sampled,object,run_number,environment,approach,total_grasping_area_movement_time,total_grasping_area_time,total_placing_area_movement_time,total_placing_area_time,total_grasp_calculation_time,placeability_time,simplify_grasp_area_time,collision_checks_grasps_time,reachability_map_grasping_time,reasoning_time,total_placement_locations_time,hand_collision_check_placing_time,reachability_map_placing_time,grasps_scored,best_grasp_placements_scored,motion_plan_time,pickandplace_movement_time,reset_arm_movement_time,total_time,bounding_box_grasp_time
1000,drill,1,sparse,ours,26.957327127456665,32.39308404922485,13.851235389709473,16.815178394317627,70.0440137386322,4.382492542266846,0.002587080001831,0.0150134563446044,0.0010356903076171,0.0055017471313476,0.7267227172851562,1.295337438583374,0.1309611797332763,156,761,26.496209144592285,36.9348578453064,10.683680295944214,183.1264307498932,0.0029752254486083
1000,drill,2,sparse,ours,26.45839142799377,32.96631407737732,13.788455724716188,16.31211829185486,71.98672270774841,4.799798250198364,0.0027437210083007,0.0165038108825683,0.0005085468292236,0.0039944648742675,0.6911628246307373,0.8490250110626221,0.1061911582946777,129,685,25.806257247924805,36.78309178352356,9.191869497299194,183.21862077713013,0.0031557083129882
1000,drill,3,sparse,ours,28.232229948043823,35.68638300895691,13.856426477432253,16.379066705703735,68.62063813209534,4.604475259780884,0.0031425952911376,0.0131630897521972,0.0006325244903564,0.0036292076110839,0.6820967197418213,0.8556561470031738,0.1046044826507568,102,726,23.719499826431274,38.385111808776855,9.984586477279665,182.6792497634888,0.0036301612854003
1000,muesli,1,sparse,ours,26.863672256469727,33.198843002319336,13.811487913131714,16.38519835472107,34.20330500602722,5.255706310272217,0.0059442520141601,0.0278830528259277,0.0007579326629638,0.0068805217742919,0.6844537258148193,0.9488649368286132,0.0884749889373779,229,394,30.739266395568848,52.49992871284485,26.28200840950012,183.96060585975647,0.0064647197723388
1000,muesli,2,sparse,ours,28.635388374328613,35.1827449798584,13.797190427780151,16.254403829574585,40.32043194770813,5.470320701599121,0.0045139789581298,0.0228147506713867,0.0009870529174804,0.0057957172393798,0.691810131072998,1.007296800613403,0.0854952335357666,205,425,30.345155477523804,58.00290060043335,0.4267981052398681,171.58272099494934,0.004967451095581
1000,muesli,2,sparse,ours,27.588500022888184,32.979050636291504,13.822219133377075,16.415435314178467,33.42522573471069,5.42920994758606,0.0045545101165771,0.0377230644226074,0.0008528232574462,0.0039417743682861,0.6658473014831543,0.8009064197540283,0.0729625225067138,205,341,29.2971510887146,49.955570459365845,18.72111344337464,171.40898990631104,0.0051054954528808
1000,muesli,3,sparse,ours,26.542999744415283,33.52716946601868,14.012417316436768,16.559224367141724,30.50381231307984,5.320078372955322,0.0041205883026123,0.0214946269989013,0.0006978511810302,0.00435471534729,0.6612539291381836,0.7813394069671631,0.0738027095794677,207,354,57.59338855743408,42.13962268829346,0.4340066909790039,171.082941532135,0.0045225620269775
1000,pringles,1,sparse,ours,27.506322622299194,34.36297941207886,13.919286489486694,16.79859495162964,64.20609831809998,5.168790340423584,0.0054528713226318,0.0170276165008544,0.0006344318389892,0.0061826705932617,0.7256476879119873,1.9254775047302248,0.1457440853118896,201,733,86.59759664535522,38.738109827041626,0.4138782024383545,232.33730506896973,0.0060329437255859
1000,pringles,2,sparse,ours,27.774083852767944,33.81903839111328,13.96469020843506,16.464617490768433,58.94561815261841,5.378432273864746,0.0037517547607421,0.0297355651855468,0.0006778240203857,0.0044758319854736,0.6982131004333496,2.154804944992065,0.1327400207519531,225,651,26.77592396736145,40.54422950744629,11.479983806610107,179.9885609149933,0.0042986869812011
1000,pringles,3,sparse,ours,26.700047969818115,33.521262407302856,13.803478002548218,16.33628273010254,65.52355074882507,5.16772985458374,0.0053009986877441,0.0257518291473388,0.0007641315460205,0.00392746925354,0.6868243217468262,1.2112395763397217,0.1080436706542968,134,645,30.22778010368347,38.69067120552063,0.4219188690185547,175.60976648330688,0.0057978630065917
1000,mustard,1,sparse,ours,28.57538866996765,34.332980155944824,13.788242101669312,16.152351140975952,68.73651218414307,4.65848708152771,0.0032002925872802,0.016395092010498,0.0007352828979492,0.0039153099060058,0.7386555671691895,0.7921640872955322,0.1247413158416748,63,1064,26.47545552253723,41.34321403503418,10.22492742538452,187.4698586463928,0.0035758018493652
1000,mustard,2,sparse,ours,28.396232843399048,34.33455204963684,13.866132497787476,16.419796466827393,49.94365835189819,4.6747589111328125,0.0030663013458251,0.0163698196411132,0.0007829666137695,0.0043530464172363,0.699852466583252,1.0464715957641602,0.1253530979156494,92,961,30.780993938446045,90.4517412185669,0.4233822822570801,212.5202021598816,0.003558874130249
1000,mustard,3,sparse,ours,26.913431644439697,33.68032693862915,13.841336965560911,16.44418692588806,56.84607148170471,4.618299961090088,0.0035042762756347,0.0120463371276855,0.0006563663482666,0.0033674240112304,0.7022318840026855,0.9840528964996338,0.1356561183929443,81,1060,35.53859543800354,55.10311484336853,17.225220441818237,204.86924362182617,0.0040996074676513
1000,milk,1,sparse,ours,28.645795583724976,34.55313229560852,13.811557054519652,16.28159809112549,36.04557275772095,5.071793556213379,0.0036816596984863,0.0222415924072265,0.0007135868072509,0.005669355392456,0.7288997173309326,1.6068105697631836,0.1260256767272949,175,693,26.336562871932983,37.885493516922,11.250810384750366,153.65347456932068,0.0041334629058837
1000,milk,2,sparse,ours,28.611183643341064,34.648263931274414,13.873581886291504,16.53409743309021,38.41230368614197,5.013503789901733,0.0039687156677246,0.0255370140075683,0.0006916522979736,0.0063693523406982,0.7056570053100586,1.2349576950073242,0.1046507358551025,132,674,31.17805790901184,44.54908347129822,9.78269386291504,165.68079137802124,0.0044019222259521
1000,milk,3,sparse,ours,26.850357055664062,32.64222264289856,13.937714338302612,16.32668423652649,38.220205783844,5.0770885944366455,0.0042581558227539,0.0348007678985595,0.0008172988891601,0.0085673332214355,0.7192845344543457,1.7199690341949463,0.1293144226074218,256,570,21.79505157470703,38.334089279174805,10.685612678527832,149.38807725906372,0.0047793388366699
1000,mustard,4,sparse,ours,28.25701808929444,33.969549894332886,13.789219617843628,16.58000874519348,59.17537045478821,4.737107753753662,0.0030591487884521,0.0423688888549804,0.000805377960205,0.0073142051696777,0.7804775238037109,1.7985048294067385,0.1780292987823486,155,1074,48.541329860687256,37.98277997970581,0.4205503463745117,187.6534049510956,0.0034782886505126
1000,cracker,1,sparse,ours,27.754456281661987,33.51552104949951,13.888972043991089,16.408408403396606,34.459500551223755,5.967042446136475,0.0062906742095947,0.0227818489074707,0.000718355178833,0.0037543773651123,0.8647704124450684,0.6474318504333496,0.0584025382995605,215,278,23.645000219345093,49.955297231674194,0.4260003566741943,149.58770155906677,0.0067012310028076
1000,cracker,2,sparse,ours,26.611902475357056,31.95835542678833,13.896812677383425,15.90371322631836,27.13732123374939,5.724150657653809,0.0052154064178466,0.0228335857391357,0.0007994174957275,0.0038261413574218,0.8354370594024658,0.5090656280517578,0.048039436340332,216,213,18.89932465553284,46.24838399887085,27.03619337081909,158.44859290122986,0.0056159496307373
1000,drill,1,sparse,baseline1,28.59516787528992,35.27159309387207,13.760238409042358,16.428840160369873,70.81208300590515,0.7728197574615479,0.0024373531341552,0.028921365737915,0.0005569458007812,0.0024139881134033,0.4066359996795654,0.3835663795471191,0.0431146621704101,163,210,55.72183036804199,16.238388538360596,8.010141372680664,161.91214084625244,0.0028748512268066
1000,drill,2,sparse,baseline1,26.50772953033448,33.0654399394989,13.725155591964722,16.41528606414795,69.5363757610321,0.7253005504608154,0.0025606155395507,0.0244867801666259,0.0009119510650634,0.0026733875274658,0.3992557525634765,0.3658139705657959,0.038175344467163,166,219,23.112898111343384,26.63319683074951,9.22211241722107,153.7478573322296,0.002953290939331
1000,drill,3,sparse,baseline1,27.346731901168823,33.77293372154236,13.848406791687012,16.341235876083374,67.50773429870605,0.7137486934661865,0.0025110244750976,0.02144455909729,0.0005345344543457,0.0010216236114501,0.4194331169128418,0.176762580871582,0.0283682346343994,52,226,37.34784150123596,36.9307587146759,10.191285371780396,187.1303906440735,0.0029633045196533
1000,muesli,1,sparse,baseline1,28.21994662284851,33.84649062156677,13.82673478126526,16.961273908615112,36.56154775619507,0.6917181015014648,0.0039341449737548,0.0304489135742187,0.000709056854248,0.0023128986358642,0.4202427864074707,0.325387954711914,0.0302293300628662,184,139,48.381730794906616,14.637836694717407,8.406188011169434,119.79247951507568,0.0044169425964355
1000,muesli,2,sparse,baseline1,28.59218406677246,34.30561661720276,13.850634336471558,16.19198775291443,39.53563165664673,0.7272248268127441,0.0059444904327392,0.0244781970977783,0.0006370544433593,0.0031812191009521,0.4014530181884765,0.2799103260040283,0.0265641212463378,196,114,29.660228729248047,57.95602774620056,12.348530292510986,175.29094099998474,0.0066132545471191
1000,muesli,3,sparse,baseline1,26.50352692604065,32.875396728515625,13.92253065109253,16.461814165115356,39.77163815498352,0.7160437107086182,0.0059566497802734,0.0319056510925293,0.0006501674652099,0.0015695095062255,0.4057204723358154,0.2882828712463379,0.0289657115936279,169,141,56.99666881561279,16.24638605117798,10.22156858444214,133.44225072860718,0.0064585208892822
1000,pringles,1,sparse,baseline1,27.540250301361084,33.65705466270447,13.84472155570984,17.168468713760376,81.36815786361694,0.6999256610870361,0.0052504539489746,0.0270311832427978,0.0006582736968994,0.0039103031158447,0.4416136741638183,0.8638501167297363,0.0560998916625976,186,297,57.734394550323486,65.6641697883606,0.0107519626617431,219.21430087089536,0.0057349205017089
1000,pringles,2,sparse,baseline1,28.0844464302063,34.15891218185425,13.827319860458374,16.560450792312622,60.775599002838135,0.6808521747589111,0.0040535926818847,0.0256822109222412,0.0008225440979003,0.0028162002563476,0.4293458461761474,0.6105690002441406,0.0513002872467041,132,287,47.48482179641724,53.45235729217529,0.4136710166931152,188.77609848976127,0.0045068264007568
1000,pringles,3,sparse,baseline1,26.48829174041748,32.14872646331787,13.81787610054016,16.32146167755127,68.75183033943176,0.6906416416168213,0.0042312145233154,0.0269310474395751,0.0007708072662353,0.0038468837738037,0.4327030181884765,0.7868435382843018,0.0554404258728027,190,289,98.96030569076538,36.660319089889526,0.0113294124603271,181.2232542037964,0.0047919750213623
1000,pringles,4,sparse,baseline1,28.056728839874268,35.09341382980347,13.848456382751465,16.64700484275818,70.32368850708008,0.6940147876739502,0.0038998126983642,0.0232479572296142,0.0006625652313232,0.0017509460449218,0.4302248954772949,0.4769880771636963,0.0393877029418945,101,260,66.95163083076477,15.690401077270508,8.16788649559021,170.46963953971863,0.0044200420379638
1000,mustard,1,sparse,baseline1,27.432878971099854,33.28147530555725,13.79899835586548,16.670318603515625,59.11959195137024,0.6677553653717041,0.002692699432373,0.0232782363891601,0.0005342960357666,0.0036408901214599,0.4297676086425781,0.4738914966583252,0.0429317951202392,84,327,38.79455089569092,44.29845666885376,0.4094641208648681,177.5661976337433,0.0030381679534912
1000,mustard,2,sparse,baseline1,26.515125036239624,32.1183545589447,13.786963939666748,16.415149450302124,60.88384532928467,0.6699752807617188,0.0033092498779296,0.0251057147979736,0.0008990764617919,0.0019323825836181,0.4312398433685303,0.3907704353332519,0.0429620742797851,87,326,28.347694396972656,39.83839964866638,13.10413146018982,175.8748972415924,0.0037674903869628
1000,mustard,3,sparse,baseline1,26.501729488372803,32.570085525512695,13.775001764297484,16.378461837768555,53.39426946640015,0.7010438442230225,0.0031652450561523,0.0273003578186035,0.0008552074432373,0.0025942325592041,0.4360194206237793,0.7340788841247559,0.0582804679870605,136,366,26.411065340042114,46.70161128044128,12.423961639404297,173.4791600704193,0.0036544799804687
1000,milk,1,sparse,baseline1,27.300026416778564,33.27981352806091,13.81000804901123,16.367419242858887,34.16939306259155,0.7045178413391113,0.0032935142517089,0.0248928070068359,0.0007960796356201,0.0055255889892578,0.4282989501953125,0.74560546875,0.0481646060943603,224,233,23.63707041740417,15.938431978225708,10.472742557525637,110.44872951507568,0.0037367343902587
1000,milk,2,sparse,baseline1,28.51675033569336,35.428956270217896,13.958276987075806,16.558507680892944,41.93967652320862,0.7088546752929688,0.0036983489990234,0.0286982059478759,0.0009231567382812,0.0017311573028564,0.4343862533569336,0.4918737411499023,0.0428197383880615,138,228,32.40885019302368,40.43527603149414,11.725727319717407,163.66639876365662,0.0040895938873291
1000,milk,3,sparse,baseline1,28.452986240386963,34.65958595275879,13.812907457351685,16.512173652648926,35.04674458503723,0.6762120723724365,0.0036454200744628,0.0219841003417968,0.0007276535034179,0.0057213306427001,0.4482960700988769,0.9547030925750732,0.0550575256347656,301,234,26.85085415840149,70.86432766914368,17.372647762298584,186.9762372970581,0.0042440891265869
1000,drill,1,sparse,baseline2,28.41225004196167,34.11599636077881,13.909048557281494,16.697414875030518,68.44809150695801,4.621562957763672,0.0036985874176025,0.0105824470520019,0.0004756450653076,0.0048170089721679,0.6934080123901367,1.1214203834533691,0.1317927837371826,147,846,37.83983039855957,42.14060997962952,13.128175020217896,193.17080926895144,0.0043518543243408
1000,drill,2,sparse,baseline2,27.23017191886902,34.01642680168152,13.769449234008787,16.28950810432434,71.69261193275452,4.681273937225342,0.0028975009918212,0.0179264545440673,0.0005538463592529,0.0026817321777343,0.7018682956695557,0.7939581871032715,0.118680715560913,90,890,32.386499881744385,36.23280453681946,10.216321229934692,190.8798866271973,0.003293752670288
1000,drill,3,sparse,baseline2,28.62331533432007,34.47251510620117,13.90135931968689,16.726529598236084,67.0441153049469,4.544426918029785,0.0024597644805908,0.0146276950836181,0.0007412433624267,0.0041022300720214,0.6662287712097168,0.8639569282531738,0.1165332794189453,125,743,37.17893266677856,15.339375495910645,9.805601358413696,147.64754843711853,0.002920389175415
1000,muesli,1,sparse,baseline2,27.98810696601868,34.346184492111206,13.77619695663452,16.448909521102905,36.173352003097534,4.993828535079956,0.0040743350982666,0.0333225727081298,0.000727891921997,0.003936767578125,0.619173526763916,0.9459381103515624,0.0835409164428711,212,419,25.947540283203125,40.23605108261109,12.73570728302002,156.13764142990112,0.0044629573822021
1000,muesli,2,sparse,baseline2,26.90031480789185,32.57164645195007,13.884318113327026,16.785255193710327,40.17850279808045,5.546051263809204,0.0041534900665283,0.0183422565460205,0.0007295608520507,0.0041735172271728,0.6302962303161621,1.2111127376556396,0.106112003326416,264,437,49.94654083251953,47.697810888290405,19.319783210754395,177.8047432899475,0.0045742988586425
1000,muesli,3,sparse,baseline2,26.66234517097473,32.49929451942444,13.86086392402649,16.357048511505127,39.25718450546265,5.416675329208374,0.0045990943908691,0.0243854522705078,0.0007731914520263,0.0025954246520996,0.6283917427062988,0.6404469013214111,0.0720164775848388,123,473,19.40579843521118,22.347241163253784,8.335145473480225,119.6195740699768,0.0049898624420166
1000,pringles,1,sparse,baseline2,26.8318419456482,32.403892278671265,13.834752321243286,16.175835371017456,53.53784203529358,4.918618202209473,0.003331184387207,0.0160353183746337,0.0007827281951904,0.0027735233306884,0.6975963115692139,0.9599852561950684,0.0973100662231445,83,769,27.77826690673828,47.54273295402527,18.771804809570312,176.5021460056305,0.0037670135498046
1000,pringles,2,sparse,baseline2,26.555704355239868,32.868314266204834,13.816529512405396,16.31022071838379,70.78252673149109,5.169811964035034,0.0033998489379882,0.0241217613220214,0.0007216930389404,0.0078535079956054,0.6858460903167725,2.231029272079468,0.1568036079406738,220,764,64.28726744651794,16.440848350524902,8.880547761917114,175.1766972541809,0.0038187503814697
1000,pringles,3,sparse,baseline2,28.397588968276978,36.17973232269287,13.89427614212036,17.093437433242798,73.5647554397583,5.180216073989868,0.0049524307250976,0.0306098461151123,0.0008955001831054,0.0054576396942138,0.6771152019500732,1.81404447555542,0.1452028751373291,172,809,25.59254813194275,39.583167552948,12.10852551460266,194.9026429653168,0.0055196285247802
1000,mustard,1,sparse,baseline2,26.94796252250672,33.66531586647034,13.788647413253784,16.509562730789185,59.21450233459473,4.657041311264038,0.0029325485229492,0.020883560180664,0.0008411407470703,0.0070736408233642,0.7168850898742676,2.031025648117065,0.1757929325103759,158,1064,29.00791835784912,39.68545484542847,12.698452472686768,181.8992230892181,0.0033745765686035
1000,mustard,2,sparse,baseline2,26.91243147850037,34.34582805633545,13.901733875274658,16.660223245620728,52.691569328308105,4.48720121383667,0.0027947425842285,0.0097219944000244,0.0004689693450927,0.004897117614746,0.6470162868499756,1.1262805461883545,0.1472005844116211,94,1054,19.433554887771606,48.99714612960816,12.42189073562622,174.3305904865265,0.0031819343566894
1000,mustard,3,sparse,baseline2,26.6305730342865,33.430198431015015,13.794339418411257,16.64231276512146,67.3747832775116,4.708207845687866,0.004004955291748,0.0162558555603027,0.0008139610290527,0.002615213394165,0.7046091556549072,0.4826951026916504,0.1049673557281494,38,1020,26.037770986557007,48.446900844573975,0.426875352859497,181.75532269477844,0.0045912265777587
1000,milk,1,sparse,baseline2,28.32281732559204,35.193984270095825,13.88825511932373,16.84012246131897,31.55119705200196,5.351654767990112,0.0038321018218994,0.0189511775970459,0.0007531642913818,0.0054504871368408,0.676321268081665,1.2185251712799072,0.1108434200286865,162,643,31.931761264801025,15.13789677619934,9.360695600509644,116.21898484230042,0.0042307376861572
1000,milk,2,sparse,baseline2,28.286027669906616,35.00936937332153,13.883031606674194,16.324395895004272,27.90225076675415,5.096870183944702,0.0042650699615478,0.0232837200164794,0.000802993774414,0.0047314167022705,0.6765193939208984,1.913400411605835,0.1516172885894775,225,673,31.0072283744812,41.19065284729004,12.39363169670105,155.38936114311218,0.0047986507415771
1000,milk,3,sparse,baseline2,26.674846172332764,34.7742645740509,13.81309199333191,16.09727430343628,34.667017698287964,5.142924308776856,0.0037543773651123,0.019526720046997,0.0007870197296142,0.0068550109863281,0.6887953281402588,1.3139724731445312,0.1115739345550537,163,623,24.36630725860596,48.897780895233154,23.12018346786499,173.1296784877777,0.0041813850402832
1000,drill,1,sparse,baseline3,28.01081681251526,35.08090543746948,13.814035177230837,16.465327739715576,71.07959866523743,4.7348504066467285,0.0025770664215087,0.0136566162109375,0.0006170272827148,0.0073115825653076,0.661226749420166,1.1524267196655271,0.1178445816040039,173,668,94.14358687400818,14.339425802230837,7.883794784545898,178.38636755943298,0.002969741821289
1000,drill,2,sparse,baseline3,27.1800639629364,34.77466464042664,13.793076276779177,16.261478185653687,71.62812805175781,4.337512493133545,0.0026435852050781,0.0133483409881591,0.0006210803985595,0.0041749477386474,0.6470706462860107,0.8786640167236328,0.106572151184082,116,705,21.730401515960693,51.50110411643982,11.834217071533203,197.47545647621155,0.0030975341796875
1000,drill,3,sparse,baseline3,28.19313406944275,36.683321952819824,13.819125413894652,16.216865301132202,65.32950520515442,4.749972581863403,0.0025770664215087,0.0142302513122558,0.0006599426269531,0.0071356296539306,0.7147362232208252,1.1666157245635986,0.1325831413269043,136,827,21.27031636238098,39.88378381729126,5.33258056640625,175.30414247512817,0.0029385089874267
1000,muesli,1,sparse,baseline3,28.349751472473145,36.23291826248169,14.037688970565796,16.619516134262085,35.81752061843872,5.452963590621948,0.0054481029510498,0.0351455211639404,0.0007202625274658,0.0042436122894287,0.8772809505462646,0.8645799160003662,0.0947210788726806,161,558,21.164690732955933,52.85066819190979,20.459149837493896,173.87467527389526,0.0060439109802246
1000,muesli,2,sparse,baseline3,26.58048820495605,33.725613594055176,13.890723943710327,16.82648754119873,40.49631881713867,5.62700080871582,0.004068374633789,0.0176906585693359,0.0007076263427734,0.0063707828521728,0.689769983291626,1.0765035152435305,0.1000866889953613,166,542,28.655393600463867,42.83811616897583,18.694605350494385,171.94835305213928,0.0045628547668457
1000,muesli,3,sparse,baseline3,28.450589895248413,35.210638999938965,13.86546230316162,16.495906352996826,36.3172128200531,5.173061370849609,0.0045537948608398,0.0232739448547363,0.0006606578826904,0.005479097366333,0.6920113563537598,1.4316225051879885,0.1136162281036377,199,591,25.65299677848816,40.92104411125183,17.68645453453064,154.67729377746582,0.0049145221710205
1000,pringles,1,sparse,baseline3,26.88325881958008,33.42028188705444,13.86190104484558,16.653273820877075,57.12834978103638,5.321727514266968,0.0037446022033691,0.0155630111694335,0.0006716251373291,0.0056805610656738,0.7195749282836914,1.760028600692749,0.159621000289917,153,928,22.77046513557434,50.74940490722656,0.4179637432098388,172.49513483047485,0.0042476654052734
1000,pringles,2,sparse,baseline3,26.93698143959045,35.02385354042053,13.810672998428345,16.502629041671753,71.6574227809906,5.169879198074341,0.0034182071685791,0.0230689048767089,0.000680923461914,0.0061275959014892,0.6704769134521484,1.3075554370880127,0.1256787776947021,115,855,21.10346746444702,41.18435907363892,0.4684693813323974,176.75971293449402,0.0039389133453369
1000,pringles,3,sparse,baseline3,28.61530995368957,36.45464563369751,13.912591457366943,16.365612506866455,57.05728769302368,5.082269906997681,0.0052268505096435,0.02443528175354,0.000772476196289,0.0161821842193603,0.681640625,1.16422438621521,0.1219258308410644,99,914,26.262667417526245,43.17961311340332,17.151320219039917,187.2200632095337,0.0057544708251953
1000,mustard,1,sparse,baseline3,28.70130181312561,34.8589391708374,13.90947437286377,16.538833141326904,52.36072063446045,4.555690765380859,0.0028607845306396,0.0160920619964599,0.0007305145263671,0.0101106166839599,0.7484278678894043,1.890782356262207,0.1824405193328857,149,1184,22.538021564483643,39.88397169113159,9.375683069229126,166.4412043094635,0.0033018589019775
1000,mustard,2,sparse,baseline3,26.37056851387024,33.99681520462036,13.844330072402954,16.429219722747803,53.02473044395447,4.737064838409424,0.0042476654052734,0.0231258869171142,0.000716209411621,0.0114884376525878,0.7050199508666992,2.08756947517395,0.2133779525756836,152,1285,21.49281096458435,80.22785758972168,26.18811535835266,222.729749917984,0.0046775341033935
1000,mustard,3,sparse,baseline3,26.92220711708069,34.03445029258728,13.960793733596802,16.615312099456787,63.37793064117432,4.63974142074585,0.0032238960266113,0.0197978019714355,0.0007054805755615,0.0042231082916259,0.7020490169525146,0.4606046676635742,0.1113297939300537,34,1147,22.941991090774536,42.14279580116272,15.675845861434937,184.13023376464844,0.0038185119628906
1000,milk,1,sparse,baseline3,27.24739980697632,34.185256004333496,13.864572525024414,16.535807609558105,36.57452988624573,5.146594524383545,0.0042774677276611,0.0255494117736816,0.0009458065032958,0.0099298954010009,0.7197110652923584,2.3615095615386963,0.1810693740844726,229,864,21.764790773391724,38.88097906112671,11.732245206832886,151.60360956192017,0.0048801898956298
1000,milk,2,sparse,baseline3,26.865031719207764,33.68012857437134,13.807437658309937,16.373926401138306,29.629770755767822,5.093074798583984,0.0038783550262451,0.0219142436981201,0.0008878707885742,0.0086278915405273,0.7081995010375977,2.24289608001709,0.171382188796997,235,805,137.5621829032898,19.59473967552185,8.07976508140564,148.2521059513092,0.0044724941253662
1000,milk,2,sparse,baseline3,26.98264980316162,33.50621938705444,13.921393156051636,16.621626615524292,42.9905858039856,5.126382112503052,0.003650426864624,0.0165855884552001,0.0010015964508056,0.0106911659240722,0.7251968383789062,2.9067697525024414,0.1943106651306152,273,851,19.85136985778809,36.08027768135071,9.732346296310425,151.16750717163086,0.0040984153747558
1000,drill,1,sparse,baseline4,26.472020387649536,34.376097440719604,13.81637978553772,16.59172749519348,73.52086973190308,4.602619409561157,0.0030081272125244,0.0161073207855224,0.0007631778717041,0.0101673603057861,0.6883790493011475,1.2936148643493652,0.1425495147705078,179,808,35.4388222694397,42.09353685379028,13.470020294189451,205.6732511520385,0.0034623146057128
1000,drill,2,sparse,baseline4,26.884713411331177,33.99494934082031,13.828922986984251,16.674793004989624,75.05510926246643,4.623008728027344,0.0037939548492431,0.0193407535552978,0.0006942749023437,0.008657693862915,0.7362823486328125,1.7444758415222168,0.1717541217803955,168,1013,36.15550661087036,43.48621678352356,14.41259503364563,210.4288051128388,0.0042920112609863
1000,drill,3,sparse,baseline4,28.14280915260315,35.894593715667725,13.881826877593994,16.852230310440063,71.01687550544739,4.519311666488648,0.0024001598358154,0.0143055915832519,0.000568151473999,0.0042979717254638,0.6971900463104248,0.9428563117980956,0.1130845546722412,120,734,32.409666538238525,48.244181871414185,0.4203469753265381,194.2946639060974,0.0028173923492431
1000,muesli,1,sparse,baseline4,28.348076343536377,35.26652264595032,13.80899167060852,16.437954664230347,29.51535081863404,5.133882999420166,0.004429817199707,0.0354640483856201,0.0007820129394531,0.0108234882354736,0.6328175067901611,1.371654987335205,0.1058857440948486,266,481,33.48844385147095,41.252471685409546,12.637104034423828,159.4721040725708,0.0048799514770507
1000,muesli,2,sparse,baseline4,26.31350898742676,32.84094476699829,13.831324577331545,16.442859649658203,43.0461163520813,5.3681817054748535,0.0041983127593994,0.0188972949981689,0.0006897449493408,0.0205466747283935,0.6600203514099121,1.128100872039795,0.1029198169708252,237,488,24.14365243911743,40.64153838157654,17.204612493515015,165.1977310180664,0.004706859588623
1000,muesli,3,sparse,baseline4,28.301010847091675,35.15372610092163,13.76244068145752,16.569964170455933,35.84061312675476,5.6836793422698975,0.0044364929199218,0.0258777141571044,0.0007567405700683,0.0057747364044189,0.6735706329345703,0.9048957824707032,0.0875225067138671,162,516,49.11402082443237,41.79069948196411,12.832072257995604,182.13959336280823,0.0049116611480712
1000,pringles,1,sparse,baseline4,26.549238920211792,34.75961709022522,13.81562089920044,16.14016342163086,60.45383095741272,5.095979928970337,0.004014253616333,0.0273041725158691,0.0007269382476806,0.0109472274780273,0.7379624843597412,2.2536118030548096,0.1815416812896728,203,920,32.496049642562866,42.13977217674256,18.950788497924805,197.13249921798703,0.0049986839294433
1000,pringles,2,sparse,baseline4,28.686219930648804,36.270326137542725,13.818199634552002,16.70347833633423,59.66897940635681,5.082827091217041,0.0045039653778076,0.0204076766967773,0.0008015632629394,0.0065951347351074,0.6930458545684814,1.3240044116973877,0.135120153427124,122,910,60.82921814918518,49.19421911239624,0.42987060546875,213.676593542099,0.0049364566802978
1000,pringles,3,sparse,baseline4,28.64261269569397,35.89453363418579,13.962074756622314,16.456669569015503,71.23495411872864,5.01395058631897,0.0035202503204345,0.0313572883605957,0.0008316040039062,0.0115957260131835,0.6611950397491455,2.500178098678589,0.1702103614807129,235,837,37.74645113945007,41.5902783870697,17.268146276474,212.1416771411896,0.0039739608764648
1000,mustard,1,sparse,baseline4,26.5188570022583,33.64623665809631,13.791016578674316,16.412328243255615,52.02119946479797,4.583723783493042,0.0044233798980712,0.018932819366455,0.0005984306335449,0.0447814464569091,0.7357256412506104,1.1036930084228516,0.1459612846374511,98,1052,44.446500062942505,49.90257430076599,11.123337984085085,197.80165195465088,0.0049278736114501
1000,mustard,2,sparse,baseline4,28.25650215148925,36.262320041656494,13.874200582504272,16.960771560668945,59.38068151473999,4.46432375907898,0.0029444694519042,0.0121185779571533,0.0004498958587646,0.0052201747894287,0.7231745719909668,1.1361675262451172,0.1498565673828125,94,1114,26.694270849227905,49.04738163948059,0.4406046867370605,178.33561444282532,0.0033473968505859
1000,mustard,3,sparse,baseline4,28.01897025108337,35.74135375022888,13.818793296813965,16.579344034194946,60.65199780464173,4.708825349807739,0.0027470588684082,0.0207276344299316,0.0007281303405761,0.0028157234191894,0.723529577255249,0.7161459922790527,0.135711669921875,53,1201,28.226131439208984,48.19766306877136,19.895105123519897,199.03758144378665,0.0031545162200927
1000,milk,1,sparse,baseline4,27.90178751945496,34.88352632522583,13.813474416732788,16.452759504318237,33.526723861694336,5.183698177337647,0.0041897296905517,0.0356690883636474,0.0010802745819091,0.0069997310638427,0.6742138862609863,2.6256003379821777,0.1738975048065185,280,749,35.02880144119263,50.93534874916077,0.4165425300598144,163.51096320152283,0.0046601295471191
1000,milk,2,sparse,baseline4,26.545340538024902,33.8899188041687,13.676738023757936,16.24339771270752,39.48264288902283,5.083448648452759,0.0038378238677978,0.0272693634033203,0.0010056495666503,0.0044598579406738,0.841444730758667,0.9786441326141356,0.0925300121307373,122,594,64.02850246429443,38.943243741989136,10.259753704071043,193.65350461006165,0.0043509006500244
1000,milk,3,sparse,baseline4,27.29339814186096,34.10329270362854,13.91010808944702,16.50511360168457,33.68530058860779,5.047420740127564,0.0037896633148193,0.0227034091949462,0.0008165836334228,0.0054471492767333,0.6637165546417236,1.1627492904663086,0.1214692592620849,135,775,30.945809602737427,49.29293966293335,25.83041548728943,180.9006860256195,0.004556655883789
1000,drill,1,lower_shelf,ours,27.44050884246826,53.33459496498108,13.529430866241457,30.60402178764344,72.47964596748352,4.5808422565460205,0.0030214786529541,0.0498321056365966,0.0006859302520751,0.2565457820892334,0.9937970638275146,2.6749415397644043,0.30556321144104,173,1708,28.810136079788208,203.29524779319763,30.55740261077881,399.6283071041107,0.0080323219299316
1000,drill,2,lower_shelf,ours,28.250616312026978,41.87250328063965,13.643217325210571,29.034403800964355,76.74951267242432,4.660094499588013,0.0029926300048828,1.820037603378296,0.0008389949798583,2.8543121814727783,50.10655403137207,1.9613263607025144,0.2368030548095703,123,1621,30.25977349281311,94.26869535446168,0.42555832862854,311.7911412715912,1.831173658370972
1000,drill,3,lower_shelf,ours,28.20775532722473,34.32432174682617,13.902406454086304,16.462376356124878,67.48204517364502,4.599364995956421,0.0025417804718017,0.0101253986358642,0.0004723072052001,0.0046942234039306,0.6250169277191162,1.0222299098968506,0.1916451454162597,55,1644,20.578853130340576,44.09418606758118,11.307673215866089,184.25786757469177,0.003117561340332
1000,mustard,1,lower_shelf,ours,26.348121404647827,33.01283264160156,13.8375403881073,16.701040267944336,52.38374304771423,4.577473163604736,0.003145694732666,0.0169043540954589,0.0007932186126708,0.0217432975769042,0.6382615566253662,2.327805757522583,0.2992291450500488,130,1956,34.325801849365234,91.78346037864684,0.0107452869415283,219.41743683815,0.0036005973815917
1000,mustard,2,lower_shelf,ours,26.6869854927063,33.63878893852234,13.811503410339355,16.350403547286987,55.53751850128174,4.530402898788452,0.0027863979339599,0.0123088359832763,0.0007073879241943,0.0051217079162597,0.6383862495422363,1.259366512298584,0.2240350246429443,62,2016,29.27051019668579,52.39998626708984,27.29045820236206,204.82402443885803,0.003173828125
1000,mustard,3,lower_shelf,ours,26.467735290527344,33.10531497001648,13.856543779373167,16.148361444473267,55.19900155067444,4.561172246932983,0.0029909610748291,0.0144698619842529,0.000673770904541,0.0049848556518554,0.6088836193084717,0.6864545345306396,0.1767222881317138,30,1883,82.38914442062378,45.45259070396423,13.272437334060667,235.4920489788056,0.0034472942352294
1000,pringles,1,lower_shelf,ours,26.71501111984253,50.93372440338135,13.634048461914062,21.371877431869507,60.16381549835205,5.140005588531494,0.0037329196929931,1.4329941272735596,0.00067138671875,2.151447057723999,18.04166555404663,0.5609395503997803,0.0885894298553466,119,567,30.967231512069706,83.80151176452637,0.426809549331665,262.9316623210907,2.7983288764953613
1000,pringles,2,lower_shelf,ours,28.663471937179565,34.31113243103027,13.845736503601074,16.825026035308838,66.66359972953796,4.986534118652344,0.0036444664001464,0.0178892612457275,0.000828742980957,0.003849983215332,0.5294926166534424,0.6942217350006104,0.0968809127807617,132,623,36.205241203308105,46.228002071380615,19.94700813293457,209.70349836349487,0.0040931701660156
1000,milk,1,lower_shelf,ours,26.871065616607662,33.48239779472351,13.919419288635254,16.37458634376526,32.32665038108826,5.275710344314575,0.0040159225463867,0.0193381309509277,0.0008840560913085,0.0184111595153808,0.6455109119415283,3.538215398788452,0.2689507007598877,214,1365,62.26916003227234,47.9040207862854,11.715468168258669,197.4844691753388,0.004422903060913
1000,milk,2,lower_shelf,ours,26.89616107940674,33.36100959777832,13.83781909942627,16.26181650161743,34.502583503723145,5.205654144287109,0.0045561790466308,0.0246083736419677,0.0008461475372314,0.0171377658843994,0.64837646484375,3.1284618377685547,0.2719013690948486,196,1342,48.49504184722901,48.39590930938721,25.951107263565063,200.0256264209748,0.0049865245819091
1000,milk,3,lower_shelf,ours,26.83925986289978,33.71930527687073,13.830626249313354,16.541820764541626,35.359623432159424,5.009267330169678,0.0059716701507568,0.0183300971984863,0.0008258819580078,0.019005537033081,0.6738321781158447,4.271829843521118,0.3013162612915039,282,1320,31.99092555046081,45.24001955986023,0.4213464260101318,157.05240893363953,0.006514549255371
1000,muesli,1,lower_shelf,ours,28.28548383712769,34.854177951812744,13.801421165466309,16.426937341690063,40.53959774971008,5.068918228149414,0.0041234493255615,0.0188772678375244,0.0007576942443847,0.0455892086029052,0.588315486907959,2.329679489135742,0.2026286125183105,240,948,128.4787085056305,42.73779106140137,20.14282488822937,275.0566191673279,0.0046708583831787
1000,muesli,2,lower_shelf,ours,26.76242518424988,33.45914816856384,13.84094214439392,16.72061800956726,34.116299867630005,5.435786485671997,0.0047857761383056,0.0249159336090087,0.0008172988891601,0.0274009704589843,0.6514773368835449,1.5468919277191162,0.174018383026123,149,1070,152.53063440322876,53.328386306762695,21.744654417037964,303.08485984802246,0.0051841735839843
1000,muesli,3,lower_shelf,ours,26.911566257476807,33.48252034187317,13.799845457077026,16.609320163726807,39.17463779449463,5.332068920135498,0.0059525966644287,0.0343377590179443,0.0006248950958251,0.0270466804504394,0.5243864059448242,1.6225290298461914,0.166694164276123,223,814,320.8695204257965,48.73859786987305,9.584858417510986,459.6307325363159,0.0064690113067626
1000,drill,1,lower_shelf,baseline4,27.72967267036438,33.723297119140625,13.786214828491213,16.476078033447266,70.17445063591003,4.594218730926514,0.0034434795379638,0.0110056400299072,0.0005736351013183,0.0110738277435302,0.6120328903198242,1.496039628982544,0.2239866256713867,91,1656,34.415982723236084,55.20812749862671,19.723368406295776,220.2124092578888,0.0038025379180908
1000,drill,2,lower_shelf,baseline4,26.13016438484192,32.90610384941101,13.838552236557009,16.371020793914795,72.02565932273865,4.448541879653931,0.0025937557220458,0.017618179321289,0.0005748271942138,0.010542869567871,0.6117656230926514,1.7127752304077148,0.2321088314056396,103,1632,29.002013206481934,52.796998023986816,18.964712142944336,212.7470223903656,0.0030505657196044
1000,drill,3,lower_shelf,baseline4,26.684207677841187,32.77394771575928,13.764564752578735,16.397842168807983,69.7725899219513,4.463732004165649,0.0032463073730468,0.0229420661926269,0.0005676746368408,0.0065948963165283,0.6719212532043457,1.758326292037964,0.2297437191009521,101,1707,28.243855714797974,49.74024701118469,11.414386510849,199.11646151542664,0.0037324428558349
1000,muesli,1,lower_shelf,baseline4,28.45644879341125,35.053224325180054,13.804519414901732,16.698323726654053,40.49170660972595,5.408060073852539,0.0061168670654296,0.0307698249816894,0.0006496906280517,0.0408363342285156,0.6005394458770752,2.476199150085449,0.2254781723022461,225,1095,127.41848134994508,48.19561171531677,11.572686195373535,271.562876701355,0.0066726207733154
1000,pringles,1,lower_shelf,baseline4,26.309812307357788,32.8848602771759,13.7921724319458,16.222801208496094,64.16099810600281,4.920944690704346,0.0034687519073486,0.0154616832733154,0.0006251335144042,0.0042610168457031,0.5157020092010498,0.691439151763916,0.1027712821960449,132,595,22.369383335113525,42.19185924530029,0.4592609405517578,168.33529424667358,0.0039014816284179
1000,pringles,3,lower_shelf,baseline4,26.68491744995117,33.748926401138306,13.857786655426024,16.600393772125244,66.64190149307251,5.2807135581970215,0.0035078525543212,0.0225615501403808,0.0011866092681884,0.0037024021148681,0.5201685428619385,0.5813090801239014,0.0933003425598144,112,630,27.144081115722656,66.27172231674194,26.75558066368103,227.083016872406,0.0039417743682861
1000,mustard,1,lower_shelf,baseline4,28.39808893203736,34.74989438056946,13.753779888153076,16.44625210762024,54.627060651779175,4.515073776245117,0.0039169788360595,0.0171315670013427,0.0007779598236083,0.0113012790679931,0.637913703918457,2.122973680496216,0.2877647876739502,112,2064,30.79816317558289,50.40234088897705,0.4198842048645019,178.60827159881592,0.0043604373931884
1000,mustard,2,lower_shelf,baseline4,28.73208832740784,35.00807571411133,13.80517578125,16.339135885238647,58.63881611824036,4.583199501037598,0.0040144920349121,0.0188128948211669,0.0006940364837646,0.0165092945098876,0.6497254371643066,2.9787402153015137,0.3427534103393554,167,1960,29.153011322021484,48.23120665550232,0.4144270420074463,180.05443048477173,0.0045790672302246
1000,mustard,3,lower_shelf,baseline4,27.461279153823853,33.936400413513184,13.890522241592407,16.532769203186035,51.15702867507935,4.678191900253296,0.0028867721557617,0.0222737789154052,0.0006060600280761,0.0134963989257812,0.6247868537902832,1.777919054031372,0.2700650691986084,102,1906,28.85324192047119,48.65861654281616,0.4155278205871582,170.42604732513428,0.0033056735992431
1000,milk,1,lower_shelf,baseline4,26.70857620239257,33.48675322532654,13.980257987976074,16.53445839881897,35.62253761291504,4.9366865158081055,0.0036983489990234,0.0175189971923828,0.0008406639099121,0.022792100906372,0.664374589920044,3.458345651626587,0.2828717231750488,209,1441,87.3394103050232,42.92723488807678,0.4334032535552978,190.69311809539795,0.0041027069091796
1000,milk,2,lower_shelf,baseline4,26.59965348243713,32.880884408950806,13.80339813232422,16.232434034347534,37.56109690666199,5.070060968399048,0.0041480064392089,0.0336725711822509,0.0008087158203125,0.0135993957519531,0.6832730770111084,2.309167861938477,0.2391026020050048,147,1434,78.49758267402649,43.87244534492493,0.4263713359832763,175.11821293830872,0.0046489238739013
1000,milk,3,lower_shelf,baseline4,28.442077159881592,35.53526282310486,13.945841312408447,16.65729331970215,32.89794039726257,5.30614447593689,0.0041007995605468,0.0298190116882324,0.0010962486267089,0.0286066532135009,0.6791014671325684,4.170533657073975,0.3485853672027588,289,1429,73.6657063961029,42.59545421600342,0.410663366317749,181.17761945724487,0.0045673847198486
1000,muesli,2,lower_shelf,baseline4,26.29245066642761,32.5716814994812,13.811694145202637,16.66705083847046,42.664214849472046,5.27241063117981,0.0058035850524902,0.0261998176574707,0.0006430149078369,0.0578510761260986,0.6486356258392334,2.3095579147338867,0.2127180099487304,206,1098,194.9683074951172,91.84103274345398,12.72236180305481,376.2336735725403,0.0070228576660156
1000,muesli,3,lower_shelf,baseline4,26.285187244415283,33.55915594100952,13.886295795440674,16.63216996192932,34.53573131561279,5.603815793991089,0.006742238998413,0.0239806175231933,0.0006861686706542,0.0480749607086181,0.6325662136077881,1.6161909103393557,0.1787025928497314,164,1008,226.5000052452088,47.80137991905213,22.48488759994507,373.0522847175598,0.0072417259216308
1000,drill,1,lower_shelf,baseline1,26.68081378936768,33.845229387283325,13.943164348602297,16.74633479118347,73.55743336677551,0.7863514423370361,0.0025231838226318,0.0242791175842285,0.0006375312805175,0.0030634403228759,0.3592193126678467,0.8243937492370605,0.0709669589996337,167,397,19.522078275680546,38.186235189437866,0.4283993244171142,167.62528538703918,0.0029139518737792
1000,drill,2,lower_shelf,baseline1,26.59591269493103,32.493162631988525,13.884487867355348,17.193419694900513,74.7847831249237,0.7652947902679443,0.0029468536376953,0.0192039012908935,0.0005238056182861,0.0022783279418945,0.3601315021514892,0.6869454383850098,0.0727908611297607,143,406,19.671711444854736,14.63602375984192,9.417376041412354,144.42551922798157,0.0033440589904785
1000,drill,3,lower_shelf,baseline1,26.258524894714355,33.12648105621338,13.832099437713625,16.469980001449585,68.03102135658264,0.7584359645843506,0.0033462047576904,0.0246665477752685,0.0005552768707275,0.0012800693511962,0.3715183734893799,0.29010009765625,0.043525218963623,55,378,18.12902426719665,14.238422632217407,7.759490728378296,134.47463703155518,0.0037393569946289
1000,muesli,1,lower_shelf,baseline1,26.79249048233032,33.1282651424408,13.736419916152954,16.422375440597534,41.376429319381714,0.7085011005401611,0.005401611328125,0.0312671661376953,0.0006353855133056,0.0030658245086669,0.3589987754821777,0.782069206237793,0.0644278526306152,223,293,19.193103313446045,16.84438157081604,8.208282709121704,111.9010136127472,0.0059642791748046
1000,muesli,2,lower_shelf,baseline1,28.25669574737549,35.557178020477295,13.818408489227297,16.880147457122803,40.36587715148926,0.6937172412872314,0.004554271697998,0.0254647731781005,0.0009577274322509,0.00516939163208,0.3689179420471191,0.7955465316772461,0.069394826889038,214,304,18.303864002227783,17.192577362060547,10.688115119934082,115.63082551956175,0.0049903392791748
1000,muesli,3,lower_shelf,baseline1,26.551565885543823,33.03611421585083,13.90950322151184,16.952133417129517,40.165791749954224,0.706958532333374,0.0038487911224365,0.0312213897705078,0.0008380413055419,0.0030608177185058,0.3796906471252441,0.6276950836181641,0.0543360710144043,187,279,18.173805713653564,19.01222395896912,11.39788556098938,115.207985162735,0.0042104721069335
1000,mustard,1,lower_shelf,baseline1,28.7224805355072,35.92368412017822,13.858253240585327,16.767237186431885,47.965635776519775,0.7017135620117188,0.0032050609588623,0.023252248764038,0.0007791519165039,0.0025718212127685,0.3709266185760498,0.8806400299072266,0.0777716636657714,138,464,23.691776037216187,68.73185420036316,26.000237464904785,204.3881938457489,0.0037207603454589
1000,mustard,2,lower_shelf,baseline1,28.37045860290528,34.54802632331848,13.834000825881958,16.655199766159058,59.84089779853821,0.6868088245391846,0.0031342506408691,0.0192792415618896,0.0006666183471679,0.0031952857971191,0.421677827835083,0.5839879512786865,0.0668597221374511,76,512,26.13045334815979,38.04065108299256,0.4205746650695801,160.78088116645813,0.0035121440887451
1000,mustard,3,lower_shelf,baseline1,28.73044753074646,35.36377024650574,13.861552715301514,16.496628522872925,63.65335750579834,0.6986973285675049,0.0036902427673339,0.0233421325683593,0.0008313655853271,0.0019953250885009,0.3871545791625976,0.2664811611175537,0.056286334991455,46,485,22.823536157608032,40.393330097198486,0.4472343921661377,164.13501858711243,0.0042142868041992
1000,milk,1,lower_shelf,baseline1,28.2693133354187,34.35654640197754,13.746376037597656,16.57546043395996,39.81083059310913,0.6963019371032715,0.003558874130249,0.0221972465515136,0.0010457038879394,0.0048136711120605,0.3934376239776611,1.1976583003997805,0.0823919773101806,196,411,24.74256110191345,46.44485521316528,0.4276094436645508,148.1975507736206,0.0039942264556884
1000,milk,2,lower_shelf,baseline1,28.11793351173401,34.22446584701538,13.934605121612549,16.915580987930298,36.228018045425415,0.6972682476043701,0.0049500465393066,0.0298898220062255,0.0007352828979492,0.0028138160705566,0.3685677051544189,0.6990034580230713,0.0631220340728759,132,388,19.765952348709103,14.488555431365969,9.124557256698608,107.04797840118408,0.0054891109466552
1000,milk,3,lower_shelf,baseline1,26.650712251663208,32.77340579032898,13.946356058120728,16.539235591888428,28.872503995895386,0.7033202648162842,0.003993272781372,0.0187931060791015,0.0008516311645507,0.0049884319305419,0.378584623336792,1.4430084228515625,0.0955309867858886,272,389,24.430753469467163,36.97190165519714,0.0108599662780761,117.83863615989684,0.0043966770172119
1000,drill,1,lower_shelf,baseline3,26.35828924179077,33.02491283416748,13.83778166770935,17.553577423095703,79.40624570846558,4.680406808853149,0.0028021335601806,0.0189628601074218,0.0005550384521484,0.0132873058319091,0.6807167530059814,2.1592366695404053,0.2574872970581054,119,1709,14.059094429016112,47.8454225063324,18.42991018295288,200.5972986221313,0.0031948089599609
1000,drill,2,lower_shelf,baseline3,27.78036737442017,33.7783784866333,13.729811191558838,16.65579843521118,70.4656629562378,4.483641862869263,0.0028510093688964,0.0137889385223388,0.0005993843078613,0.0082178115844726,0.6346402168273926,1.5973341464996338,0.2089359760284423,102,1520,20.63743472099304,41.00470995903015,4.786772012710571,177.63686108589172,0.0032286643981933
1000,drill,3,lower_shelf,baseline3,28.35072684288025,42.624865770339966,13.710180759429932,19.5060453414917,68.05035042762756,4.601680040359497,0.0039911270141601,0.9960768222808838,0.0007126331329345,2.103377103805542,6.705471038818359,1.4373111724853516,0.221182107925415,82,1678,175.84645199775696,14.097823858261108,7.026587247848511,192.94376277923584,0.755202054977417
1000,muesli,1,lower_shelf,baseline3,27.531862258911133,34.65368342399597,14.03315043449402,16.804137229919434,40.70748019218445,5.327560663223267,0.0049920082092285,0.0189778804779052,0.000807762145996,0.0101752281188964,0.6449053287506104,2.686052083969116,0.2188301086425781,246,1039,20.01975917816162,18.94289231300354,12.461874961853027,127.58822345733644,0.0054090023040771
1000,muesli,2,lower_shelf,baseline3,26.842730283737183,33.89726400375366,13.8629629611969,16.64415216445923,37.77724504470825,5.479856729507446,0.0047571659088134,0.0207738876342773,0.0008981227874755,0.0114295482635498,0.6211106777191162,2.4337613582611084,0.2189760208129882,238,1033,51.77414083480835,17.143599271774292,8.603235006332397,122.75015258789062,0.005641222000122
1000,muesli,3,lower_shelf,baseline3,28.25052070617676,34.27078914642334,13.897095918655396,16.97099232673645,42.4351818561554,5.322251558303833,0.004420518875122,0.0285794734954834,0.0006811618804931,0.0052785873413085,0.6662707328796387,1.060275316238403,0.1394267082214355,107,944,39.79590630531311,16.63913130760193,12.187930822372437,130.2950620651245,0.0048272609710693
1000,pringles,1,lower_shelf,baseline3,28.33216524124145,35.972585916519165,13.861729145050049,16.63815975189209,59.35341787338257,5.141157388687134,0.0049927234649658,0.0239191055297851,0.0007860660552978,0.0110502243041992,0.5708386898040771,1.194704532623291,0.1364874839782714,238,619,38.669090270996094,21.898966312408447,12.101352453231812,159.40692591667175,0.005472183227539
1000,pringles,2,lower_shelf,baseline3,28.552303314208984,34.90873312950134,13.849356651306152,16.84750986099243,65.77756214141846,5.140876054763794,0.0033736228942871,0.0213093757629394,0.000866413116455,0.0047099590301513,0.5467278957366943,0.6246421337127686,0.0917725563049316,131,580,18.643008708953857,15.476916074752808,8.620002508163452,141.869811296463,0.0038952827453613
1000,pringles,3,lower_shelf,baseline3,28.45497989654541,34.960920333862305,13.812278985977173,17.55062747001648,99.80928087234496,5.3141937255859375,0.0039112567901611,0.0219104290008544,0.0013594627380371,0.0075926780700683,0.5571045875549316,1.0691015720367432,0.1341941356658935,224,623,33.90058946609497,12.43324089050293,6.875552177429199,175.66403365135193,0.0044775009155273
1000,mustard,1,lower_shelf,baseline3,27.03400993347168,33.666975259780884,13.832030296325684,16.783105611801147,59.04509973526001,4.928159236907959,0.0036761760711669,0.0182080268859863,0.0008435249328613,0.0162875652313232,0.6678676605224609,2.748429298400879,0.3370635509490967,154,2002,21.01252055168152,50.159714698791504,11.81744384765625,184.43790578842163,0.004227876663208
1000,mustard,2,lower_shelf,baseline3,27.351147651672363,33.434690713882446,13.846556186676024,16.7218918800354,61.629106283187866,4.684644460678101,0.0029120445251464,0.0193490982055664,0.00075364112854,0.0150911808013916,0.6620802879333496,2.2149341106414795,0.2895793914794922,127,1975,143.78182864189148,56.55571222305298,13.13142442703247,229.2308733463288,0.0032789707183837
1000,mustard,3,lower_shelf,baseline3,26.81876921653748,32.65540599822998,13.875408172607422,16.725136518478394,47.16595554351807,4.84245753288269,0.0031149387359619,0.0132784843444824,0.0006754398345947,0.0099778175354003,0.6686348915100098,1.81465482711792,0.3006622791290283,94,2094,21.78303861618042,40.19141387939453,0.4394881725311279,149.90505194664,0.0034816265106201
1000,milk,1,lower_shelf,baseline3,27.64354372024536,33.83782339096069,13.92346739768982,16.86765480041504,35.2847592830658,5.297311782836914,0.004601240158081,0.0273466110229492,0.0007953643798828,0.0146522521972656,0.6788415908813477,3.0623762607574463,0.2833495140075683,203,1428,19.1765034198761,48.64636921882629,18.26100730895996,164.59623289108276,0.0051174163818359
1000,milk,2,lower_shelf,baseline3,28.44487428665161,34.590543270111084,13.87044906616211,16.45639705657959,31.67595100402832,5.144251823425293,0.0032744407653808,0.0318391323089599,0.0008580684661865,0.0134298801422119,0.6533749103546143,3.742120742797852,0.2994942665100097,231,1462,41.04335594177246,49.01007008552551,21.55709171295166,173.8062605857849,0.0037829875946044
1000,milk,3,lower_shelf,baseline3,28.454205989837646,34.391905546188354,13.858427047729492,16.813560962677002,35.91684675216675,5.289750099182129,0.0037157535552978516,0.021792173385620117,0.0008614063262939453,0.01297450065612793,0.6468281745910645,3.13555645942688,0.276536226272583,202,1380,78.54869389533997,14.385223627090454,8.385183572769165,128.10395503044128,0.004141569137573242
